state,year,cawp_total_women,cawp_total_legislators,cawp_percent_women
Alabama,1975,1,140,1%
Alabama,1977,3,140,2%
Alabama,1979,4,140,3%
Alabama,1981,6,140,4%
Alabama,1983,6,140,4%
Alabama,1984,9,140,6%
Alabama,1985,9,140,6%
Alabama,1986,9,140,6%
Alabama,1987,8,140,6%
Alabama,1988,8,140,6%
Alabama,1989,8,140,6%
Alabama,1990,8,140,6%
Alabama,1991,8,140,6%
Alabama,1992,8,140,6%
Alabama,1993,8,140,6%
Alabama,1994,8,140,6%
Alabama,1995,5,140,4%
Alabama,1996,5,140,4%
Alabama,1997,6,140,4%
Alabama,1998,6,140,4%
Alabama,1999,11,140,8%
Alabama,2000,11,140,8%
Alabama,2001,11,140,8%
Alabama,2002,11,140,8%
Alabama,2003,14,140,10%
Alabama,2004,14,140,10%
Alabama,2005,15,140,11%
Alabama,2006,16,140,11%
Alabama,2007,18,140,13%
Alabama,2008,18,140,13%
Alabama,2009,18,140,13%
Alabama,2010,18,140,13%
Alabama,2011,19,140,14%
Alabama,2012,19,140,14%
Alabama,2013,19,140,14%
Alabama,2014,20,140,14%
Alabama,2015,20,140,14%
Alabama,2016,20,140,14%
Alabama,2017,21,140,15%
Alaska,1975,9,60,15%
Alaska,1977,4,60,7%
Alaska,1979,7,60,12%
Alaska,1981,6,60,10%
Alaska,1983,8,60,13%
Alaska,1984,8,60,13%
Alaska,1985,11,60,18%
Alaska,1986,11,60,18%
Alaska,1987,12,60,20%
Alaska,1988,12,60,20%
Alaska,1989,13,60,22%
Alaska,1990,12,60,20%
Alaska,1991,14,60,23%
Alaska,1992,14,60,23%
Alaska,1993,13,60,22%
Alaska,1994,13,60,22%
Alaska,1995,14,60,23%
Alaska,1996,14,60,23%
Alaska,1997,8,60,13%
Alaska,1998,8,60,13%
Alaska,1999,11,60,18%
Alaska,2000,11,60,18%
Alaska,2001,13,60,22%
Alaska,2002,12,60,20%
Alaska,2003,12,60,20%
Alaska,2004,12,60,20%
Alaska,2005,11,60,18%
Alaska,2006,11,60,18%
Alaska,2007,13,60,22%
Alaska,2008,13,60,22%
Alaska,2009,13,60,22%
Alaska,2010,13,60,22%
Alaska,2011,14,60,23%
Alaska,2012,15,60,25%
Alaska,2013,17,60,28%
Alaska,2014,16,60,27%
Alaska,2015,17,60,28%
Alaska,2016,18,60,30%
Alaska,2017,18,60,30%
Arizona,1975,18,90,20%
Arizona,1977,16,90,18%
Arizona,1979,17,90,19%
Arizona,1981,17,90,19%
Arizona,1983,19,90,21%
Arizona,1984,19,90,21%
Arizona,1985,18,90,20%
Arizona,1986,18,90,20%
Arizona,1987,21,90,23%
Arizona,1988,21,90,23%
Arizona,1989,27,90,30%
Arizona,1990,27,90,30%
Arizona,1991,31,90,34%
Arizona,1992,31,90,34%
Arizona,1993,30,90,33%
Arizona,1994,30,90,33%
Arizona,1995,27,90,30%
Arizona,1996,27,90,30%
Arizona,1997,34,90,38%
Arizona,1998,33,90,37%
Arizona,1999,32,90,36%
Arizona,2000,32,90,36%
Arizona,2001,32,90,36%
Arizona,2002,32,90,36%
Arizona,2003,25,90,28%
Arizona,2004,25,90,28%
Arizona,2005,30,90,33%
Arizona,2006,30,90,33%
Arizona,2007,30,90,33%
Arizona,2008,31,90,34%
Arizona,2009,28,90,31%
Arizona,2010,29,90,32%
Arizona,2011,31,90,34%
Arizona,2012,30,90,33%
Arizona,2013,32,90,36%
Arizona,2014,32,90,36%
Arizona,2015,32,90,36%
Arizona,2016,32,90,36%
Arizona,2017,36,90,40%
Arkansas,1975,3,135,2%
Arkansas,1977,3,135,2%
Arkansas,1979,4,135,3%
Arkansas,1981,5,135,4%
Arkansas,1983,7,135,5%
Arkansas,1984,7,135,5%
Arkansas,1985,10,135,7%
Arkansas,1986,10,135,7%
Arkansas,1987,9,135,7%
Arkansas,1988,9,135,7%
Arkansas,1989,10,135,7%
Arkansas,1990,10,135,7%
Arkansas,1991,10,135,7%
Arkansas,1992,10,135,7%
Arkansas,1993,14,135,10%
Arkansas,1994,15,135,11%
Arkansas,1995,17,135,13%
Arkansas,1996,17,135,13%
Arkansas,1997,23,135,17%
Arkansas,1998,23,135,17%
Arkansas,1999,20,135,15%
Arkansas,2000,21,135,16%
Arkansas,2001,18,135,13%
Arkansas,2002,18,135,13%
Arkansas,2003,22,135,16%
Arkansas,2004,22,135,16%
Arkansas,2005,22,135,16%
Arkansas,2006,23,135,17%
Arkansas,2007,28,135,21%
Arkansas,2008,28,135,21%
Arkansas,2009,31,135,23%
Arkansas,2010,31,135,23%
Arkansas,2011,30,135,22%
Arkansas,2012,30,135,22%
Arkansas,2013,23,135,17%
Arkansas,2014,23,135,17%
Arkansas,2015,27,135,20%
Arkansas,2016,27,135,20%
Arkansas,2017,25,135,19%
California,1975,3,120,3%
California,1977,6,120,5%
California,1979,11,120,9%
California,1981,12,120,10%
California,1983,14,120,12%
California,1984,14,120,12%
California,1985,15,120,13%
California,1986,15,120,13%
California,1987,17,120,14%
California,1988,17,120,14%
California,1989,19,120,16%
California,1990,19,120,16%
California,1991,21,120,18%
California,1992,22,120,18%
California,1993,27,120,23%
California,1994,29,120,24%
California,1995,25,120,21%
California,1996,24,120,20%
California,1997,27,120,23%
California,1998,26,120,22%
California,1999,31,120,26%
California,2000,31,120,26%
California,2001,34,120,28%
California,2002,34,120,28%
California,2003,36,120,30%
California,2004,36,120,30%
California,2005,37,120,31%
California,2006,37,120,31%
California,2007,33,120,28%
California,2008,33,120,28%
California,2009,33,120,28%
California,2010,32,120,27%
California,2011,34,120,28%
California,2012,34,120,28%
California,2013,32,120,27%
California,2014,32,120,27%
California,2015,31,120,26%
California,2016,30,120,25%
California,2017,26,120,22%
Colorado,1975,16,100,16%
Colorado,1977,14,100,14%
Colorado,1979,21,100,21%
Colorado,1981,23,100,23%
Colorado,1983,25,100,25%
Colorado,1984,25,100,25%
Colorado,1985,24,100,24%
Colorado,1986,24,100,24%
Colorado,1987,28,100,28%
Colorado,1988,28,100,28%
Colorado,1989,29,100,29%
Colorado,1990,29,100,29%
Colorado,1991,31,100,31%
Colorado,1992,31,100,31%
Colorado,1993,35,100,35%
Colorado,1994,35,100,35%
Colorado,1995,31,100,31%
Colorado,1996,31,100,31%
Colorado,1997,35,100,35%
Colorado,1998,35,100,35%
Colorado,1999,34,100,34%
Colorado,2000,34,100,34%
Colorado,2001,34,100,34%
Colorado,2002,34,100,34%
Colorado,2003,33,100,33%
Colorado,2004,34,100,34%
Colorado,2005,33,100,33%
Colorado,2006,32,100,32%
Colorado,2007,34,100,34%
Colorado,2008,36,100,36%
Colorado,2009,37,100,37%
Colorado,2010,38,100,38%
Colorado,2011,41,100,41%
Colorado,2012,40,100,40%
Colorado,2013,41,100,41%
Colorado,2014,41,100,41%
Colorado,2015,42,100,42%
Colorado,2016,42,100,42%
Colorado,2017,37,100,37%
Connecticut,1975,26,187,14%
Connecticut,1977,37,187,20%
Connecticut,1979,37,187,20%
Connecticut,1981,44,187,24%
Connecticut,1983,44,187,24%
Connecticut,1984,43,187,23%
Connecticut,1985,41,187,22%
Connecticut,1986,41,187,22%
Connecticut,1987,41,187,22%
Connecticut,1988,40,187,21%
Connecticut,1989,41,187,22%
Connecticut,1990,41,187,22%
Connecticut,1991,43,187,23%
Connecticut,1992,43,187,23%
Connecticut,1993,47,187,25%
Connecticut,1994,49,187,26%
Connecticut,1995,50,187,27%
Connecticut,1996,50,187,27%
Connecticut,1997,54,187,29%
Connecticut,1998,54,187,29%
Connecticut,1999,55,187,29%
Connecticut,2000,56,187,30%
Connecticut,2001,56,187,30%
Connecticut,2002,56,187,30%
Connecticut,2003,55,187,29%
Connecticut,2004,55,187,29%
Connecticut,2005,55,187,29%
Connecticut,2006,55,187,29%
Connecticut,2007,53,187,28%
Connecticut,2008,53,187,28%
Connecticut,2009,59,187,32%
Connecticut,2010,60,187,32%
Connecticut,2011,56,187,30%
Connecticut,2012,56,187,30%
Connecticut,2013,55,187,29%
Connecticut,2014,55,187,29%
Connecticut,2015,53,187,28%
Connecticut,2016,52,187,28%
Connecticut,2017,52,187,28%
Delaware,1975,10,62,16%
Delaware,1977,8,62,13%
Delaware,1979,7,62,11%
Delaware,1981,9,62,15%
Delaware,1983,10,62,16%
Delaware,1984,10,62,16%
Delaware,1985,10,62,16%
Delaware,1986,10,62,16%
Delaware,1987,10,62,16%
Delaware,1988,10,62,16%
Delaware,1989,10,62,16%
Delaware,1990,10,62,16%
Delaware,1991,8,62,13%
Delaware,1992,8,62,13%
Delaware,1993,9,62,15%
Delaware,1994,10,62,16%
Delaware,1995,13,62,21%
Delaware,1996,13,62,21%
Delaware,1997,16,62,26%
Delaware,1998,16,62,26%
Delaware,1999,15,62,24%
Delaware,2000,15,62,24%
Delaware,2001,16,62,26%
Delaware,2002,16,62,26%
Delaware,2003,18,62,29%
Delaware,2004,18,62,29%
Delaware,2005,21,62,34%
Delaware,2006,21,62,34%
Delaware,2007,19,62,31%
Delaware,2008,19,62,31%
Delaware,2009,16,62,26%
Delaware,2010,16,62,26%
Delaware,2011,16,62,26%
Delaware,2012,16,62,26%
Delaware,2013,16,62,26%
Delaware,2014,16,62,26%
Delaware,2015,15,62,24%
Delaware,2016,15,62,24%
Delaware,2017,13,62,21%
Florida,1975,13,160,8%
Florida,1977,18,160,11%
Florida,1979,18,160,11%
Florida,1981,17,160,11%
Florida,1983,28,160,18%
Florida,1984,28,160,18%
Florida,1985,31,160,19%
Florida,1986,31,160,19%
Florida,1987,33,160,21%
Florida,1988,33,160,21%
Florida,1989,26,160,16%
Florida,1990,26,160,16%
Florida,1991,30,160,19%
Florida,1992,30,160,19%
Florida,1993,28,160,18%
Florida,1994,29,160,18%
Florida,1995,31,160,19%
Florida,1996,31,160,19%
Florida,1997,38,160,24%
Florida,1998,38,160,24%
Florida,1999,38,160,24%
Florida,2000,39,160,24%
Florida,2001,38,160,24%
Florida,2002,38,160,24%
Florida,2003,39,160,24%
Florida,2004,40,160,25%
Florida,2005,39,160,24%
Florida,2006,39,160,24%
Florida,2007,37,160,23%
Florida,2008,37,160,23%
Florida,2009,37,160,23%
Florida,2010,38,160,24%
Florida,2011,41,160,26%
Florida,2012,41,160,26%
Florida,2013,41,160,26%
Florida,2014,41,160,26%
Florida,2015,40,160,25%
Florida,2016,40,160,25%
Florida,2017,40,160,25%
Georgia,1975,10,236,4%
Georgia,1977,11,236,5%
Georgia,1979,15,236,6%
Georgia,1981,17,236,7%
Georgia,1983,19,236,8%
Georgia,1984,19,236,8%
Georgia,1985,23,236,10%
Georgia,1986,23,236,10%
Georgia,1987,26,236,11%
Georgia,1988,26,236,11%
Georgia,1989,24,236,10%
Georgia,1990,24,236,10%
Georgia,1991,33,236,14%
Georgia,1992,34,236,14%
Georgia,1993,41,236,17%
Georgia,1994,41,236,17%
Georgia,1995,43,236,18%
Georgia,1996,43,236,18%
Georgia,1997,39,236,17%
Georgia,1998,39,236,17%
Georgia,1999,44,236,19%
Georgia,2000,46,236,19%
Georgia,2001,49,236,21%
Georgia,2002,49,236,21%
Georgia,2003,51,236,22%
Georgia,2004,51,236,22%
Georgia,2005,43,236,18%
Georgia,2006,44,236,19%
Georgia,2007,46,236,19%
Georgia,2008,47,236,20%
Georgia,2009,46,236,19%
Georgia,2010,46,236,19%
Georgia,2011,56,236,24%
Georgia,2012,56,236,24%
Georgia,2013,53,236,22%
Georgia,2014,53,236,22%
Georgia,2015,56,236,24%
Georgia,2016,58,236,25%
Georgia,2017,58,236,25%
Hawaii,1975,10,76,13%
Hawaii,1977,9,76,12%
Hawaii,1979,10,76,13%
Hawaii,1981,14,76,18%
Hawaii,1983,17,76,22%
Hawaii,1984,17,76,22%
Hawaii,1985,14,76,18%
Hawaii,1986,14,76,18%
Hawaii,1987,16,76,21%
Hawaii,1988,16,76,21%
Hawaii,1989,18,76,24%
Hawaii,1990,18,76,24%
Hawaii,1991,21,76,28%
Hawaii,1992,21,76,28%
Hawaii,1993,18,76,24%
Hawaii,1994,19,76,25%
Hawaii,1995,15,76,20%
Hawaii,1996,15,76,20%
Hawaii,1997,13,76,17%
Hawaii,1998,13,76,17%
Hawaii,1999,17,76,22%
Hawaii,2000,17,76,22%
Hawaii,2001,19,76,25%
Hawaii,2002,19,76,25%
Hawaii,2003,21,76,28%
Hawaii,2004,21,76,28%
Hawaii,2005,23,76,30%
Hawaii,2006,24,76,32%
Hawaii,2007,25,76,33%
Hawaii,2008,25,76,33%
Hawaii,2009,25,76,33%
Hawaii,2010,25,76,33%
Hawaii,2011,26,76,34%
Hawaii,2012,27,76,36%
Hawaii,2013,23,76,30%
Hawaii,2014,23,76,30%
Hawaii,2015,22,76,29%
Hawaii,2016,22,76,29%
Hawaii,2017,21,76,28%
Idaho,1975,10,105,10%
Idaho,1977,10,105,10%
Idaho,1979,10,105,10%
Idaho,1981,10,105,10%
Idaho,1983,16,105,15%
Idaho,1984,16,105,15%
Idaho,1985,24,126,19%
Idaho,1986,24,126,19%
Idaho,1987,27,126,21%
Idaho,1988,27,126,21%
Idaho,1989,31,126,25%
Idaho,1990,31,126,25%
Idaho,1991,36,126,29%
Idaho,1992,36,126,29%
Idaho,1993,32,105,30%
Idaho,1994,31,105,30%
Idaho,1995,29,105,28%
Idaho,1996,29,105,28%
Idaho,1997,25,105,24%
Idaho,1998,25,105,24%
Idaho,1999,26,105,25%
Idaho,2000,27,105,26%
Idaho,2001,26,105,25%
Idaho,2002,28,105,27%
Idaho,2003,27,105,26%
Idaho,2004,27,105,26%
Idaho,2005,29,105,28%
Idaho,2006,29,105,28%
Idaho,2007,25,105,24%
Idaho,2008,25,105,24%
Idaho,2009,26,105,25%
Idaho,2010,27,105,26%
Idaho,2011,29,105,28%
Idaho,2012,29,105,28%
Idaho,2013,27,105,26%
Idaho,2014,28,105,27%
Idaho,2015,29,105,28%
Idaho,2016,29,105,28%
Idaho,2017,32,105,30%
Illinois,1975,14,236,6%
Illinois,1977,21,236,9%
Illinois,1979,26,236,11%
Illinois,1981,32,236,14%
Illinois,1983,27,177,15%
Illinois,1984,28,177,16%
Illinois,1985,30,177,17%
Illinois,1986,30,177,17%
Illinois,1987,32,177,18%
Illinois,1988,32,177,18%
Illinois,1989,33,177,19%
Illinois,1990,33,177,19%
Illinois,1991,33,177,19%
Illinois,1992,33,177,19%
Illinois,1993,41,177,23%
Illinois,1994,41,177,23%
Illinois,1995,41,177,23%
Illinois,1996,41,177,23%
Illinois,1997,46,177,26%
Illinois,1998,45,177,25%
Illinois,1999,45,177,25%
Illinois,2000,44,177,25%
Illinois,2001,47,177,27%
Illinois,2002,47,177,27%
Illinois,2003,48,177,27%
Illinois,2004,50,177,28%
Illinois,2005,49,177,28%
Illinois,2006,48,177,27%
Illinois,2007,48,177,27%
Illinois,2008,48,177,27%
Illinois,2009,49,177,28%
Illinois,2010,50,177,28%
Illinois,2011,55,177,31%
Illinois,2012,55,177,31%
Illinois,2013,55,177,31%
Illinois,2014,57,177,32%
Illinois,2015,58,177,33%
Illinois,2016,58,177,33%
Illinois,2017,62,177,35%
Indiana,1975,9,150,6%
Indiana,1977,9,150,6%
Indiana,1979,11,150,7%
Indiana,1981,12,150,8%
Indiana,1983,18,150,12%
Indiana,1984,18,150,12%
Indiana,1985,19,150,13%
Indiana,1986,19,150,13%
Indiana,1987,19,150,13%
Indiana,1988,19,150,13%
Indiana,1989,22,150,15%
Indiana,1990,21,150,14%
Indiana,1991,26,150,17%
Indiana,1992,26,150,17%
Indiana,1993,29,150,19%
Indiana,1994,29,150,19%
Indiana,1995,33,150,22%
Indiana,1996,33,150,22%
Indiana,1997,28,150,19%
Indiana,1998,28,150,19%
Indiana,1999,27,150,18%
Indiana,2000,27,150,18%
Indiana,2001,26,150,17%
Indiana,2002,26,150,17%
Indiana,2003,27,150,18%
Indiana,2004,27,150,18%
Indiana,2005,26,150,17%
Indiana,2006,27,150,18%
Indiana,2007,29,150,19%
Indiana,2008,28,150,19%
Indiana,2009,32,150,21%
Indiana,2010,32,150,21%
Indiana,2011,32,150,21%
Indiana,2012,32,150,21%
Indiana,2013,31,150,21%
Indiana,2014,31,150,21%
Indiana,2015,31,150,21%
Indiana,2016,31,150,21%
Indiana,2017,30,150,20%
Iowa,1975,14,150,9%
Iowa,1977,17,150,11%
Iowa,1979,15,150,10%
Iowa,1981,18,150,12%
Iowa,1983,17,150,11%
Iowa,1984,17,150,11%
Iowa,1985,22,150,15%
Iowa,1986,22,150,15%
Iowa,1987,22,150,15%
Iowa,1988,22,150,15%
Iowa,1989,25,150,17%
Iowa,1990,25,150,17%
Iowa,1991,22,150,15%
Iowa,1992,22,150,15%
Iowa,1993,22,150,15%
Iowa,1994,23,150,15%
Iowa,1995,27,150,18%
Iowa,1996,27,150,18%
Iowa,1997,32,150,21%
Iowa,1998,32,150,21%
Iowa,1999,32,150,21%
Iowa,2000,31,150,21%
Iowa,2001,33,150,22%
Iowa,2002,33,150,22%
Iowa,2003,32,150,21%
Iowa,2004,32,150,21%
Iowa,2005,30,150,20%
Iowa,2006,30,150,20%
Iowa,2007,34,150,23%
Iowa,2008,34,150,23%
Iowa,2009,35,150,23%
Iowa,2010,35,150,23%
Iowa,2011,32,150,21%
Iowa,2012,32,150,21%
Iowa,2013,35,150,23%
Iowa,2014,35,150,23%
Iowa,2015,34,150,23%
Iowa,2016,34,150,23%
Iowa,2017,34,150,23%
Kansas,1975,9,165,5%
Kansas,1977,11,165,7%
Kansas,1979,14,165,8%
Kansas,1981,22,165,13%
Kansas,1983,24,165,15%
Kansas,1984,23,165,14%
Kansas,1985,30,165,18%
Kansas,1986,30,165,18%
Kansas,1987,31,165,19%
Kansas,1988,31,165,19%
Kansas,1989,43,165,26%
Kansas,1990,42,165,25%
Kansas,1991,44,165,27%
Kansas,1992,45,165,27%
Kansas,1993,48,165,29%
Kansas,1994,47,165,28%
Kansas,1995,46,165,28%
Kansas,1996,46,165,28%
Kansas,1997,49,165,30%
Kansas,1998,49,165,30%
Kansas,1999,55,165,33%
Kansas,2000,54,165,33%
Kansas,2001,54,165,33%
Kansas,2002,54,165,33%
Kansas,2003,46,165,28%
Kansas,2004,46,165,28%
Kansas,2005,54,165,33%
Kansas,2006,53,165,32%
Kansas,2007,48,165,29%
Kansas,2008,48,165,29%
Kansas,2009,48,165,29%
Kansas,2010,50,165,30%
Kansas,2011,45,165,27%
Kansas,2012,45,165,27%
Kansas,2013,39,165,24%
Kansas,2014,42,165,25%
Kansas,2015,41,165,25%
Kansas,2016,39,165,24%
Kansas,2017,47,165,28%
Kentucky,1975,5,138,4%
Kentucky,1977,8,138,6%
Kentucky,1979,9,138,7%
Kentucky,1981,10,138,7%
Kentucky,1983,10,138,7%
Kentucky,1984,10,138,7%
Kentucky,1985,9,138,7%
Kentucky,1986,9,138,7%
Kentucky,1987,7,138,5%
Kentucky,1988,8,138,6%
Kentucky,1989,7,138,5%
Kentucky,1990,8,138,6%
Kentucky,1991,7,138,5%
Kentucky,1992,8,138,6%
Kentucky,1993,7,138,5%
Kentucky,1994,8,138,6%
Kentucky,1995,11,138,8%
Kentucky,1996,11,138,8%
Kentucky,1997,13,138,9%
Kentucky,1998,13,138,9%
Kentucky,1999,16,138,12%
Kentucky,2000,16,138,12%
Kentucky,2001,15,138,11%
Kentucky,2002,15,138,11%
Kentucky,2003,15,138,11%
Kentucky,2004,15,138,11%
Kentucky,2005,17,138,12%
Kentucky,2006,16,138,12%
Kentucky,2007,16,138,12%
Kentucky,2008,18,138,13%
Kentucky,2009,22,138,16%
Kentucky,2010,22,138,16%
Kentucky,2011,26,138,19%
Kentucky,2012,26,138,19%
Kentucky,2013,24,138,17%
Kentucky,2014,25,138,18%
Kentucky,2015,23,138,17%
Kentucky,2016,22,138,16%
Kentucky,2017,23,138,17%
Louisiana,1975,2,144,1%
Louisiana,1977,2,144,1%
Louisiana,1979,2,144,1%
Louisiana,1981,2,144,1%
Louisiana,1983,3,144,2%
Louisiana,1984,5,144,3%
Louisiana,1985,5,144,3%
Louisiana,1986,5,144,3%
Louisiana,1987,6,144,4%
Louisiana,1988,4,144,3%
Louisiana,1989,3,144,2%
Louisiana,1990,3,144,2%
Louisiana,1991,4,144,3%
Louisiana,1992,10,144,7%
Louisiana,1993,11,144,8%
Louisiana,1994,13,144,9%
Louisiana,1995,14,144,10%
Louisiana,1996,16,144,11%
Louisiana,1997,17,144,12%
Louisiana,1998,17,144,12%
Louisiana,1999,20,144,14%
Louisiana,2000,23,144,16%
Louisiana,2001,23,144,16%
Louisiana,2002,23,144,16%
Louisiana,2003,23,144,16%
Louisiana,2004,24,144,17%
Louisiana,2005,25,144,17%
Louisiana,2006,25,144,17%
Louisiana,2007,25,144,17%
Louisiana,2008,22,144,15%
Louisiana,2009,23,144,16%
Louisiana,2010,23,144,16%
Louisiana,2011,23,144,16%
Louisiana,2012,16,144,11%
Louisiana,2013,17,144,12%
Louisiana,2014,18,144,13%
Louisiana,2015,18,144,13%
Louisiana,2016,22,144,15%
Louisiana,2017,22,144,15%
Maine,1975,24,184,13%
Maine,1977,27,184,15%
Maine,1979,34,184,18%
Maine,1981,42,184,23%
Maine,1983,41,184,22%
Maine,1984,41,184,22%
Maine,1985,44,186,24%
Maine,1986,44,186,24%
Maine,1987,53,186,28%
Maine,1988,53,186,28%
Maine,1989,57,186,31%
Maine,1990,58,186,31%
Maine,1991,61,186,33%
Maine,1992,60,186,32%
Maine,1993,59,186,32%
Maine,1994,59,186,32%
Maine,1995,48,186,26%
Maine,1996,49,186,26%
Maine,1997,48,186,26%
Maine,1998,48,186,26%
Maine,1999,52,186,28%
Maine,2000,52,186,28%
Maine,2001,56,186,30%
Maine,2002,56,186,30%
Maine,2003,50,186,27%
Maine,2004,50,186,27%
Maine,2005,43,186,23%
Maine,2006,43,186,23%
Maine,2007,58,186,31%
Maine,2008,58,186,31%
Maine,2009,54,186,29%
Maine,2010,54,186,29%
Maine,2011,54,186,29%
Maine,2012,54,186,29%
Maine,2013,55,186,30%
Maine,2014,55,186,30%
Maine,2015,54,186,29%
Maine,2016,55,186,30%
Maine,2017,63,186,34%
Maryland,1975,19,188,10%
Maryland,1977,21,188,11%
Maryland,1979,28,188,15%
Maryland,1981,28,188,15%
Maryland,1983,36,188,19%
Maryland,1984,35,188,19%
Maryland,1985,36,188,19%
Maryland,1986,36,188,19%
Maryland,1987,39,188,21%
Maryland,1988,39,188,21%
Maryland,1989,42,188,22%
Maryland,1990,43,188,23%
Maryland,1991,45,188,24%
Maryland,1992,44,188,23%
Maryland,1993,46,188,24%
Maryland,1994,46,188,24%
Maryland,1995,54,188,29%
Maryland,1996,54,188,29%
Maryland,1997,56,188,30%
Maryland,1998,56,188,30%
Maryland,1999,55,188,29%
Maryland,2000,55,188,29%
Maryland,2001,55,188,29%
Maryland,2002,55,188,29%
Maryland,2003,62,188,33%
Maryland,2004,64,188,34%
Maryland,2005,67,188,36%
Maryland,2006,67,188,36%
Maryland,2007,60,188,32%
Maryland,2008,59,188,31%
Maryland,2009,58,188,31%
Maryland,2010,59,188,31%
Maryland,2011,58,188,31%
Maryland,2012,58,188,31%
Maryland,2013,57,188,30%
Maryland,2014,57,188,30%
Maryland,2015,60,188,32%
Maryland,2016,60,188,32%
Maryland,2017,60,188,32%
Massachusetts,1975,16,280,6%
Massachusetts,1977,20,280,7%
Massachusetts,1979,15,200,8%
Massachusetts,1981,19,200,10%
Massachusetts,1982,20,200,10%
Massachusetts,1983,26,200,13%
Massachusetts,1984,26,200,13%
Massachusetts,1985,33,200,17%
Massachusetts,1986,33,200,17%
Massachusetts,1987,37,200,19%
Massachusetts,1988,37,200,19%
Massachusetts,1989,35,200,18%
Massachusetts,1990,34,200,17%
Massachusetts,1991,38,200,19%
Massachusetts,1992,37,200,19%
Massachusetts,1993,46,200,23%
Massachusetts,1994,45,200,23%
Massachusetts,1995,48,200,24%
Massachusetts,1996,48,200,24%
Massachusetts,1997,46,200,23%
Massachusetts,1998,47,200,24%
Massachusetts,1999,52,200,26%
Massachusetts,2000,52,200,26%
Massachusetts,2001,49,200,25%
Massachusetts,2002,51,200,26%
Massachusetts,2003,52,200,26%
Massachusetts,2004,50,200,25%
Massachusetts,2005,50,200,25%
Massachusetts,2006,51,200,26%
Massachusetts,2007,49,200,25%
Massachusetts,2008,50,200,25%
Massachusetts,2009,52,200,26%
Massachusetts,2010,51,200,26%
Massachusetts,2011,49,200,25%
Massachusetts,2012,49,200,25%
Massachusetts,2013,51,200,26%
Massachusetts,2014,50,200,25%
Massachusetts,2015,50,200,25%
Massachusetts,2016,50,200,25%
Massachusetts,2017,51,200,26%
Michigan,1975,9,148,6%
Michigan,1977,8,148,5%
Michigan,1979,12,148,8%
Michigan,1981,16,148,11%
Michigan,1983,16,148,11%
Michigan,1984,16,148,11%
Michigan,1985,16,148,11%
Michigan,1986,16,148,11%
Michigan,1987,22,148,15%
Michigan,1988,22,148,15%
Michigan,1989,22,148,15%
Michigan,1990,22,148,15%
Michigan,1991,22,148,15%
Michigan,1992,22,148,15%
Michigan,1993,30,148,20%
Michigan,1994,31,148,21%
Michigan,1995,33,148,22%
Michigan,1996,33,148,22%
Michigan,1997,34,148,23%
Michigan,1998,34,148,23%
Michigan,1999,36,148,24%
Michigan,2000,36,148,24%
Michigan,2001,33,148,22%
Michigan,2002,33,148,22%
Michigan,2003,35,148,24%
Michigan,2004,35,148,24%
Michigan,2005,30,148,20%
Michigan,2006,30,148,20%
Michigan,2007,29,148,20%
Michigan,2008,29,148,20%
Michigan,2009,37,148,25%
Michigan,2010,37,148,25%
Michigan,2011,31,148,21%
Michigan,2012,31,148,21%
Michigan,2013,28,148,19%
Michigan,2014,28,148,19%
Michigan,2015,30,148,20%
Michigan,2016,30,148,20%
Michigan,2017,36,148,24%
Minnesota,1975,8,201,4%
Minnesota,1977,12,201,6%
Minnesota,1979,18,201,9%
Minnesota,1981,24,201,12%
Minnesota,1983,28,201,14%
Minnesota,1984,28,201,14%
Minnesota,1985,29,201,14%
Minnesota,1986,29,201,14%
Minnesota,1987,31,201,15%
Minnesota,1988,31,201,15%
Minnesota,1989,37,201,18%
Minnesota,1990,37,201,18%
Minnesota,1991,43,201,21%
Minnesota,1992,42,201,21%
Minnesota,1993,55,201,27%
Minnesota,1994,54,201,27%
Minnesota,1995,50,201,25%
Minnesota,1996,50,201,25%
Minnesota,1997,62,201,31%
Minnesota,1998,62,201,31%
Minnesota,1999,57,201,28%
Minnesota,2000,57,201,28%
Minnesota,2001,58,201,29%
Minnesota,2002,60,201,30%
Minnesota,2003,55,201,27%
Minnesota,2004,55,201,27%
Minnesota,2005,60,201,30%
Minnesota,2006,63,201,31%
Minnesota,2007,70,201,35%
Minnesota,2008,70,201,35%
Minnesota,2009,70,201,35%
Minnesota,2010,70,201,35%
Minnesota,2011,63,201,31%
Minnesota,2012,66,201,33%
Minnesota,2013,68,201,34%
Minnesota,2014,68,201,34%
Minnesota,2015,68,201,34%
Minnesota,2016,67,201,33%
Minnesota,2017,65,201,32%
Mississippi,1975,6,174,3%
Mississippi,1977,2,174,1%
Mississippi,1979,2,174,1%
Mississippi,1981,2,174,1%
Mississippi,1983,3,174,2%
Mississippi,1984,5,174,3%
Mississippi,1985,4,174,2%
Mississippi,1986,4,174,2%
Mississippi,1987,4,174,2%
Mississippi,1988,10,174,6%
Mississippi,1989,10,174,6%
Mississippi,1990,10,174,6%
Mississippi,1991,12,174,7%
Mississippi,1992,12,174,7%
Mississippi,1993,19,174,11%
Mississippi,1994,20,174,11%
Mississippi,1995,20,174,11%
Mississippi,1996,20,174,11%
Mississippi,1997,22,174,13%
Mississippi,1998,22,174,13%
Mississippi,1999,21,174,12%
Mississippi,2000,22,174,13%
Mississippi,2001,22,174,13%
Mississippi,2002,22,174,13%
Mississippi,2003,22,174,13%
Mississippi,2004,22,174,13%
Mississippi,2005,25,174,14%
Mississippi,2006,24,174,14%
Mississippi,2007,24,174,14%
Mississippi,2008,25,174,14%
Mississippi,2009,25,174,14%
Mississippi,2010,25,174,14%
Mississippi,2011,26,174,15%
Mississippi,2012,28,174,16%
Mississippi,2013,31,174,18%
Mississippi,2014,30,174,17%
Mississippi,2015,30,174,17%
Mississippi,2016,23,174,13%
Mississippi,2017,26,174,15%
Missouri,1975,12,197,6%
Missouri,1977,16,197,8%
Missouri,1979,17,197,9%
Missouri,1981,22,197,11%
Missouri,1983,25,197,13%
Missouri,1984,25,197,13%
Missouri,1985,26,197,13%
Missouri,1986,26,197,13%
Missouri,1987,31,197,16%
Missouri,1988,31,197,16%
Missouri,1989,29,197,15%
Missouri,1990,29,197,15%
Missouri,1991,32,197,16%
Missouri,1992,31,197,16%
Missouri,1993,37,197,19%
Missouri,1994,40,197,20%
Missouri,1995,39,197,20%
Missouri,1996,39,197,20%
Missouri,1997,42,197,21%
Missouri,1998,42,197,21%
Missouri,1999,43,197,22%
Missouri,2000,44,197,22%
Missouri,2001,46,197,23%
Missouri,2002,45,197,23%
Missouri,2003,42,197,21%
Missouri,2004,42,197,21%
Missouri,2005,41,197,21%
Missouri,2006,42,197,21%
Missouri,2007,38,197,19%
Missouri,2008,40,197,20%
Missouri,2009,42,197,21%
Missouri,2010,44,197,22%
Missouri,2011,47,197,24%
Missouri,2012,47,197,24%
Missouri,2013,43,197,22%
Missouri,2014,44,197,22%
Missouri,2015,49,197,25%
Missouri,2016,49,197,25%
Missouri,2017,44,197,22%
Montana,1975,14,150,9%
Montana,1977,14,150,9%
Montana,1979,14,150,9%
Montana,1981,17,150,11%
Montana,1983,19,150,13%
Montana,1984,19,150,13%
Montana,1985,22,150,15%
Montana,1986,22,150,15%
Montana,1987,23,150,15%
Montana,1988,23,150,15%
Montana,1989,27,150,18%
Montana,1990,27,150,18%
Montana,1991,31,150,21%
Montana,1992,31,150,21%
Montana,1993,30,150,20%
Montana,1994,32,150,21%
Montana,1995,36,150,24%
Montana,1996,36,150,24%
Montana,1997,35,150,23%
Montana,1998,35,150,23%
Montana,1999,37,150,25%
Montana,2000,37,150,25%
Montana,2001,34,150,23%
Montana,2002,36,150,24%
Montana,2003,37,150,25%
Montana,2004,37,150,25%
Montana,2005,37,150,25%
Montana,2006,37,150,25%
Montana,2007,37,150,25%
Montana,2008,37,150,25%
Montana,2009,39,150,26%
Montana,2010,39,150,26%
Montana,2011,36,150,24%
Montana,2012,36,150,24%
Montana,2013,41,150,27%
Montana,2014,41,150,27%
Montana,2015,47,150,31%
Montana,2016,47,150,31%
Montana,2017,43,150,29%
Nebraska,1975,1,49,2%
Nebraska,1977,2,49,4%
Nebraska,1979,3,49,6%
Nebraska,1981,5,49,10%
Nebraska,1983,6,49,12%
Nebraska,1984,6,49,12%
Nebraska,1985,8,49,16%
Nebraska,1986,8,49,16%
Nebraska,1987,9,49,18%
Nebraska,1988,9,49,18%
Nebraska,1989,9,49,18%
Nebraska,1990,10,49,20%
Nebraska,1991,9,49,18%
Nebraska,1992,9,49,18%
Nebraska,1993,10,49,20%
Nebraska,1994,11,49,22%
Nebraska,1995,12,49,24%
Nebraska,1996,12,49,24%
Nebraska,1997,13,49,27%
Nebraska,1998,13,49,27%
Nebraska,1999,12,49,24%
Nebraska,2000,12,49,24%
Nebraska,2001,9,49,18%
Nebraska,2002,10,49,20%
Nebraska,2003,9,49,18%
Nebraska,2004,9,49,18%
Nebraska,2005,12,49,24%
Nebraska,2006,12,49,24%
Nebraska,2007,9,49,18%
Nebraska,2008,9,49,18%
Nebraska,2009,10,49,20%
Nebraska,2010,10,49,20%
Nebraska,2011,11,49,22%
Nebraska,2012,11,49,22%
Nebraska,2013,10,49,20%
Nebraska,2014,10,49,20%
Nebraska,2015,11,49,22%
Nebraska,2016,11,49,22%
Nebraska,2017,13,49,27%
Nevada,1975,7,60,12%
Nevada,1977,7,60,12%
Nevada,1979,5,60,8%
Nevada,1981,7,60,12%
Nevada,1983,6,63,10%
Nevada,1984,6,63,10%
Nevada,1985,10,63,16%
Nevada,1986,10,63,16%
Nevada,1987,10,63,16%
Nevada,1988,10,63,16%
Nevada,1989,13,63,21%
Nevada,1990,14,63,22%
Nevada,1991,12,63,19%
Nevada,1992,12,63,19%
Nevada,1993,17,63,27%
Nevada,1994,16,63,25%
Nevada,1995,22,63,35%
Nevada,1996,22,63,35%
Nevada,1997,21,63,33%
Nevada,1998,21,63,33%
Nevada,1999,23,63,37%
Nevada,2000,22,63,35%
Nevada,2001,22,63,35%
Nevada,2002,22,63,35%
Nevada,2003,18,63,29%
Nevada,2004,18,63,29%
Nevada,2005,21,63,33%
Nevada,2006,21,63,33%
Nevada,2007,19,63,30%
Nevada,2008,19,63,30%
Nevada,2009,20,63,32%
Nevada,2010,20,63,32%
Nevada,2011,18,63,29%
Nevada,2012,16,63,25%
Nevada,2013,18,63,29%
Nevada,2014,17,63,27%
Nevada,2015,21,63,33%
Nevada,2016,20,63,32%
Nevada,2017,25,63,40%
New Hampshire,1975,104,424,25%
New Hampshire,1977,114,424,27%
New Hampshire,1979,114,424,27%
New Hampshire,1981,124,424,29%
New Hampshire,1983,121,424,29%
New Hampshire,1984,121,424,29%
New Hampshire,1985,140,424,33%
New Hampshire,1986,140,424,33%
New Hampshire,1987,138,424,33%
New Hampshire,1988,138,424,33%
New Hampshire,1989,136,424,32%
New Hampshire,1990,136,424,32%
New Hampshire,1991,135,424,32%
New Hampshire,1992,131,424,31%
New Hampshire,1993,142,424,33%
New Hampshire,1994,141,424,33%
New Hampshire,1995,126,424,30%
New Hampshire,1996,126,424,30%
New Hampshire,1997,130,424,31%
New Hampshire,1998,130,424,31%
New Hampshire,1999,135,424,32%
New Hampshire,2000,135,424,32%
New Hampshire,2001,124,424,29%
New Hampshire,2002,124,424,29%
New Hampshire,2003,117,424,28%
New Hampshire,2004,117,424,28%
New Hampshire,2005,129,424,30%
New Hampshire,2006,129,424,30%
New Hampshire,2007,151,424,36%
New Hampshire,2008,150,424,35%
New Hampshire,2009,159,424,38%
New Hampshire,2010,156,424,37%
New Hampshire,2011,105,424,25%
New Hampshire,2012,104,424,25%
New Hampshire,2013,142,424,33%
New Hampshire,2014,139,424,33%
New Hampshire,2015,122,424,29%
New Hampshire,2016,120,424,28%
New Hampshire,2017,125,424,29%
New Jersey,1975,9,120,8%
New Jersey,1977,9,120,8%
New Jersey,1979,13,120,11%
New Jersey,1981,8,120,7%
New Jersey,1983,10,120,8%
New Jersey,1984,11,120,9%
New Jersey,1985,12,120,10%
New Jersey,1986,12,120,10%
New Jersey,1987,12,120,10%
New Jersey,1988,11,120,9%
New Jersey,1989,11,120,9%
New Jersey,1990,13,120,11%
New Jersey,1991,13,120,11%
New Jersey,1992,15,120,13%
New Jersey,1993,15,120,13%
New Jersey,1994,14,120,12%
New Jersey,1995,16,120,13%
New Jersey,1996,18,120,15%
New Jersey,1997,19,120,16%
New Jersey,1998,20,120,17%
New Jersey,1999,19,120,16%
New Jersey,2000,19,120,16%
New Jersey,2001,18,120,15%
New Jersey,2002,19,120,16%
New Jersey,2003,20,120,17%
New Jersey,2004,19,120,16%
New Jersey,2005,19,120,16%
New Jersey,2006,23,120,19%
New Jersey,2007,26,120,22%
New Jersey,2008,35,120,29%
New Jersey,2009,36,120,30%
New Jersey,2010,34,120,28%
New Jersey,2011,34,120,28%
New Jersey,2012,35,120,29%
New Jersey,2013,35,120,29%
New Jersey,2014,37,120,31%
New Jersey,2015,37,120,31%
New Jersey,2016,36,120,30%
New Jersey,2017,37,120,31%
New Mexico,1975,5,112,4%
New Mexico,1977,5,112,4%
New Mexico,1979,5,112,4%
New Mexico,1981,7,112,6%
New Mexico,1983,9,112,8%
New Mexico,1984,9,112,8%
New Mexico,1985,13,112,12%
New Mexico,1986,13,112,12%
New Mexico,1987,11,112,10%
New Mexico,1988,11,112,10%
New Mexico,1989,15,112,13%
New Mexico,1990,15,112,13%
New Mexico,1991,15,112,13%
New Mexico,1992,16,112,14%
New Mexico,1993,22,112,20%
New Mexico,1994,22,112,20%
New Mexico,1995,23,112,21%
New Mexico,1996,23,112,21%
New Mexico,1997,30,112,27%
New Mexico,1998,30,112,27%
New Mexico,1999,31,112,28%
New Mexico,2000,31,112,28%
New Mexico,2001,35,112,31%
New Mexico,2002,34,112,30%
New Mexico,2003,33,112,29%
New Mexico,2004,34,112,30%
New Mexico,2005,35,112,31%
New Mexico,2006,35,112,31%
New Mexico,2007,34,112,30%
New Mexico,2008,34,112,30%
New Mexico,2009,34,112,30%
New Mexico,2010,34,112,30%
New Mexico,2011,30,112,27%
New Mexico,2012,31,112,28%
New Mexico,2013,31,112,28%
New Mexico,2014,32,112,29%
New Mexico,2015,30,112,27%
New Mexico,2016,29,112,26%
New Mexico,2017,34,112,30%
New York,1975,9,210,4%
New York,1977,9,210,4%
New York,1979,13,210,6%
New York,1981,18,210,9%
New York,1983,22,211,10%
New York,1984,23,211,11%
New York,1985,24,211,11%
New York,1986,23,211,11%
New York,1987,23,211,11%
New York,1988,22,211,10%
New York,1989,24,211,11%
New York,1990,23,211,11%
New York,1991,28,211,13%
New York,1992,27,211,13%
New York,1993,35,211,17%
New York,1994,39,211,18%
New York,1995,38,211,18%
New York,1996,38,211,18%
New York,1997,39,211,18%
New York,1998,43,211,20%
New York,1999,44,211,21%
New York,2000,45,211,21%
New York,2001,46,211,22%
New York,2002,45,211,21%
New York,2003,46,212,22%
New York,2004,48,212,23%
New York,2005,47,212,22%
New York,2006,48,212,23%
New York,2007,51,212,24%
New York,2008,50,212,24%
New York,2009,52,212,25%
New York,2010,51,212,24%
New York,2011,45,212,21%
New York,2012,47,213,22%
New York,2013,47,213,22%
New York,2014,44,213,21%
New York,2015,55,213,26%
New York,2016,55,213,26%
New York,2017,59,213,28%
North Carolina,1975,15,170,9%
North Carolina,1977,23,170,14%
North Carolina,1979,22,170,13%
North Carolina,1981,22,170,13%
North Carolina,1983,24,170,14%
North Carolina,1984,23,170,14%
North Carolina,1985,20,170,12%
North Carolina,1986,20,170,12%
North Carolina,1987,24,170,14%
North Carolina,1988,24,170,14%
North Carolina,1989,25,170,15%
North Carolina,1990,24,170,14%
North Carolina,1991,25,170,15%
North Carolina,1992,25,170,15%
North Carolina,1993,31,170,18%
North Carolina,1994,30,170,18%
North Carolina,1995,28,170,16%
North Carolina,1996,28,170,16%
North Carolina,1997,29,170,17%
North Carolina,1998,30,170,18%
North Carolina,1999,31,170,18%
North Carolina,2000,31,170,18%
North Carolina,2001,32,170,19%
North Carolina,2002,32,170,19%
North Carolina,2003,35,170,21%
North Carolina,2004,36,170,21%
North Carolina,2005,39,170,23%
North Carolina,2006,39,170,23%
North Carolina,2007,44,170,26%
North Carolina,2008,45,170,26%
North Carolina,2009,44,170,26%
North Carolina,2010,44,170,26%
North Carolina,2011,38,170,22%
North Carolina,2012,42,170,25%
North Carolina,2013,37,170,22%
North Carolina,2014,37,170,22%
North Carolina,2015,38,170,22%
North Carolina,2016,39,170,23%
North Carolina,2017,43,170,25%
North Dakota,1975,16,153,10%
North Dakota,1977,19,153,12%
North Dakota,1979,20,150,13%
North Dakota,1981,18,150,12%
North Dakota,1983,19,159,12%
North Dakota,1984,17,159,11%
North Dakota,1985,18,159,11%
North Dakota,1986,18,159,11%
North Dakota,1987,20,159,13%
North Dakota,1988,20,159,13%
North Dakota,1989,24,159,15%
North Dakota,1990,24,159,15%
North Dakota,1991,23,159,14%
North Dakota,1992,23,159,14%
North Dakota,1993,24,147,16%
North Dakota,1994,23,147,16%
North Dakota,1995,22,147,15%
North Dakota,1996,22,147,15%
North Dakota,1997,24,147,16%
North Dakota,1998,24,147,16%
North Dakota,1999,26,147,18%
North Dakota,2000,26,147,18%
North Dakota,2001,25,147,17%
North Dakota,2002,25,147,17%
North Dakota,2003,22,141,16%
North Dakota,2004,23,141,16%
North Dakota,2005,23,141,16%
North Dakota,2006,23,141,16%
North Dakota,2007,25,141,18%
North Dakota,2008,24,141,17%
North Dakota,2009,23,141,16%
North Dakota,2010,23,141,16%
North Dakota,2011,21,141,15%
North Dakota,2012,22,141,16%
North Dakota,2013,24,141,17%
North Dakota,2014,25,141,18%
North Dakota,2015,27,141,19%
North Dakota,2016,27,141,19%
North Dakota,2017,26,141,18%
Ohio,1975,8,132,6%
Ohio,1977,8,132,6%
Ohio,1979,9,132,7%
Ohio,1981,10,132,8%
Ohio,1983,12,132,9%
Ohio,1984,11,132,8%
Ohio,1985,12,132,9%
Ohio,1986,12,132,9%
Ohio,1987,15,132,11%
Ohio,1988,15,132,11%
Ohio,1989,17,132,13%
Ohio,1990,17,132,13%
Ohio,1991,20,132,15%
Ohio,1992,20,132,15%
Ohio,1993,28,132,21%
Ohio,1994,32,132,24%
Ohio,1995,32,132,24%
Ohio,1996,32,132,24%
Ohio,1997,29,132,22%
Ohio,1998,29,132,22%
Ohio,1999,28,132,21%
Ohio,2000,27,132,20%
Ohio,2001,29,132,22%
Ohio,2002,29,132,22%
Ohio,2003,25,132,19%
Ohio,2004,28,132,21%
Ohio,2005,26,132,20%
Ohio,2006,25,132,19%
Ohio,2007,21,132,16%
Ohio,2008,24,132,18%
Ohio,2009,28,132,21%
Ohio,2010,29,132,22%
Ohio,2011,30,132,23%
Ohio,2012,31,132,23%
Ohio,2013,31,132,23%
Ohio,2014,31,132,23%
Ohio,2015,33,132,25%
Ohio,2016,33,132,25%
Ohio,2017,29,132,22%
Oklahoma,1975,6,149,4%
Oklahoma,1977,7,149,5%
Oklahoma,1979,6,149,4%
Oklahoma,1981,12,149,8%
Oklahoma,1983,12,149,8%
Oklahoma,1984,12,149,8%
Oklahoma,1985,13,149,9%
Oklahoma,1986,13,149,9%
Oklahoma,1987,13,149,9%
Oklahoma,1988,13,149,9%
Oklahoma,1989,13,149,9%
Oklahoma,1990,13,149,9%
Oklahoma,1991,13,149,9%
Oklahoma,1992,13,149,9%
Oklahoma,1993,13,149,9%
Oklahoma,1994,13,149,9%
Oklahoma,1995,16,149,11%
Oklahoma,1996,16,149,11%
Oklahoma,1997,15,149,10%
Oklahoma,1998,15,149,10%
Oklahoma,1999,15,149,10%
Oklahoma,2000,15,149,10%
Oklahoma,2001,15,149,10%
Oklahoma,2002,15,149,10%
Oklahoma,2003,17,149,11%
Oklahoma,2004,19,149,13%
Oklahoma,2005,22,149,15%
Oklahoma,2006,22,149,15%
Oklahoma,2007,19,149,13%
Oklahoma,2008,19,149,13%
Oklahoma,2009,17,149,11%
Oklahoma,2010,17,149,11%
Oklahoma,2011,19,149,13%
Oklahoma,2012,19,149,13%
Oklahoma,2013,20,149,13%
Oklahoma,2014,20,149,13%
Oklahoma,2015,21,149,14%
Oklahoma,2016,21,149,14%
Oklahoma,2017,20,149,13%
Oregon,1975,11,90,12%
Oregon,1977,12,90,13%
Oregon,1979,13,90,14%
Oregon,1981,20,90,22%
Oregon,1983,20,90,22%
Oregon,1984,20,90,22%
Oregon,1985,18,90,20%
Oregon,1986,18,90,20%
Oregon,1987,16,90,18%
Oregon,1988,15,90,17%
Oregon,1989,18,90,20%
Oregon,1990,18,90,20%
Oregon,1991,21,90,23%
Oregon,1992,22,90,24%
Oregon,1993,25,90,28%
Oregon,1994,23,90,26%
Oregon,1995,26,90,29%
Oregon,1996,26,90,29%
Oregon,1997,23,90,26%
Oregon,1998,23,90,26%
Oregon,1999,27,90,30%
Oregon,2000,27,90,30%
Oregon,2001,30,90,33%
Oregon,2002,30,90,33%
Oregon,2003,28,90,31%
Oregon,2004,26,90,29%
Oregon,2005,25,90,28%
Oregon,2006,25,90,28%
Oregon,2007,28,90,31%
Oregon,2008,29,90,32%
Oregon,2009,24,90,27%
Oregon,2010,26,90,29%
Oregon,2011,25,90,28%
Oregon,2012,26,90,29%
Oregon,2013,25,90,28%
Oregon,2014,28,90,31%
Oregon,2015,28,90,31%
Oregon,2016,28,90,31%
Oregon,2017,30,90,33%
Pennsylvania,1975,9,253,4%
Pennsylvania,1977,11,253,4%
Pennsylvania,1979,11,253,4%
Pennsylvania,1981,12,253,5%
Pennsylvania,1983,10,253,4%
Pennsylvania,1984,10,253,4%
Pennsylvania,1985,13,253,5%
Pennsylvania,1986,13,253,5%
Pennsylvania,1987,16,253,6%
Pennsylvania,1988,17,253,7%
Pennsylvania,1989,17,253,7%
Pennsylvania,1990,17,253,7%
Pennsylvania,1991,24,253,9%
Pennsylvania,1992,24,253,9%
Pennsylvania,1993,25,253,10%
Pennsylvania,1994,28,253,11%
Pennsylvania,1995,30,253,12%
Pennsylvania,1996,30,253,12%
Pennsylvania,1997,31,253,12%
Pennsylvania,1998,31,253,12%
Pennsylvania,1999,32,253,13%
Pennsylvania,2000,32,253,13%
Pennsylvania,2001,34,253,13%
Pennsylvania,2002,35,253,14%
Pennsylvania,2003,35,253,14%
Pennsylvania,2004,36,253,14%
Pennsylvania,2005,34,253,13%
Pennsylvania,2006,34,253,13%
Pennsylvania,2007,37,253,15%
Pennsylvania,2008,37,253,15%
Pennsylvania,2009,37,253,15%
Pennsylvania,2010,39,253,15%
Pennsylvania,2011,44,253,17%
Pennsylvania,2012,43,253,17%
Pennsylvania,2013,45,253,18%
Pennsylvania,2014,45,253,18%
Pennsylvania,2015,48,253,19%
Pennsylvania,2016,47,253,19%
Pennsylvania,2017,47,253,19%
Rhode Island,1975,9,150,6%
Rhode Island,1977,11,150,7%
Rhode Island,1979,13,150,9%
Rhode Island,1981,15,150,10%
Rhode Island,1983,19,150,13%
Rhode Island,1984,22,150,15%
Rhode Island,1985,23,150,15%
Rhode Island,1986,23,150,15%
Rhode Island,1987,24,150,16%
Rhode Island,1988,24,150,16%
Rhode Island,1989,23,150,15%
Rhode Island,1990,23,150,15%
Rhode Island,1991,24,150,16%
Rhode Island,1992,25,150,17%
Rhode Island,1993,37,150,25%
Rhode Island,1994,37,150,25%
Rhode Island,1995,36,150,24%
Rhode Island,1996,36,150,24%
Rhode Island,1997,39,150,26%
Rhode Island,1998,39,150,26%
Rhode Island,1999,38,150,25%
Rhode Island,2000,37,150,25%
Rhode Island,2001,34,150,23%
Rhode Island,2002,34,150,23%
Rhode Island,2003,22,113,19%
Rhode Island,2004,23,113,20%
Rhode Island,2005,19,113,17%
Rhode Island,2006,19,113,17%
Rhode Island,2007,22,113,19%
Rhode Island,2008,22,113,19%
Rhode Island,2009,25,113,22%
Rhode Island,2010,25,113,22%
Rhode Island,2011,29,113,26%
Rhode Island,2012,29,113,26%
Rhode Island,2013,30,113,27%
Rhode Island,2014,30,113,27%
Rhode Island,2015,31,113,27%
Rhode Island,2016,31,113,27%
Rhode Island,2017,35,113,31%
South Carolina,1975,7,170,4%
South Carolina,1977,10,170,6%
South Carolina,1979,9,170,5%
South Carolina,1981,11,170,6%
South Carolina,1983,12,170,7%
South Carolina,1984,12,170,7%
South Carolina,1985,10,170,6%
South Carolina,1986,10,170,6%
South Carolina,1987,13,170,8%
South Carolina,1988,13,170,8%
South Carolina,1989,16,170,9%
South Carolina,1990,15,170,9%
South Carolina,1991,19,170,11%
South Carolina,1992,22,170,13%
South Carolina,1993,22,170,13%
South Carolina,1994,22,170,13%
South Carolina,1995,21,170,12%
South Carolina,1996,21,170,12%
South Carolina,1997,22,170,13%
South Carolina,1998,22,170,13%
South Carolina,1999,19,170,11%
South Carolina,2000,18,170,11%
South Carolina,2001,18,170,11%
South Carolina,2002,18,170,11%
South Carolina,2003,16,170,9%
South Carolina,2004,16,170,9%
South Carolina,2005,14,170,8%
South Carolina,2006,15,170,9%
South Carolina,2007,15,170,9%
South Carolina,2008,15,170,9%
South Carolina,2009,17,170,10%
South Carolina,2010,17,170,10%
South Carolina,2011,16,170,9%
South Carolina,2012,17,170,10%
South Carolina,2013,22,170,13%
South Carolina,2014,22,170,13%
South Carolina,2015,24,170,14%
South Carolina,2016,24,170,14%
South Carolina,2017,24,170,14%
South Dakota,1975,11,105,10%
South Dakota,1977,9,105,9%
South Dakota,1979,9,105,9%
South Dakota,1981,11,105,10%
South Dakota,1983,14,105,13%
South Dakota,1984,14,105,13%
South Dakota,1985,15,105,14%
South Dakota,1986,15,105,14%
South Dakota,1987,21,105,20%
South Dakota,1988,21,105,20%
South Dakota,1989,20,105,19%
South Dakota,1990,20,105,19%
South Dakota,1991,26,105,25%
South Dakota,1992,26,105,25%
South Dakota,1993,21,105,20%
South Dakota,1994,21,105,20%
South Dakota,1995,19,105,18%
South Dakota,1996,19,105,18%
South Dakota,1997,18,105,17%
South Dakota,1998,18,105,17%
South Dakota,1999,14,105,13%
South Dakota,2000,15,105,14%
South Dakota,2001,16,105,15%
South Dakota,2002,16,105,15%
South Dakota,2003,17,105,16%
South Dakota,2004,17,105,16%
South Dakota,2005,17,105,16%
South Dakota,2006,17,105,16%
South Dakota,2007,18,105,17%
South Dakota,2008,18,105,17%
South Dakota,2009,21,105,20%
South Dakota,2010,21,105,20%
South Dakota,2011,21,105,20%
South Dakota,2012,21,105,20%
South Dakota,2013,24,105,23%
South Dakota,2014,23,105,22%
South Dakota,2015,22,105,21%
South Dakota,2016,22,105,21%
South Dakota,2017,21,105,20%
Tennessee,1975,5,132,4%
Tennessee,1977,3,132,2%
Tennessee,1979,4,132,3%
Tennessee,1981,6,132,5%
Tennessee,1983,9,132,7%
Tennessee,1984,9,132,7%
Tennessee,1985,11,132,8%
Tennessee,1986,11,132,8%
Tennessee,1987,12,132,9%
Tennessee,1988,12,132,9%
Tennessee,1989,13,132,10%
Tennessee,1990,13,132,10%
Tennessee,1991,15,132,11%
Tennessee,1992,15,132,11%
Tennessee,1993,16,132,12%
Tennessee,1994,16,132,12%
Tennessee,1995,18,132,14%
Tennessee,1996,18,132,14%
Tennessee,1997,18,132,14%
Tennessee,1998,18,132,14%
Tennessee,1999,22,132,17%
Tennessee,2000,23,132,17%
Tennessee,2001,21,132,16%
Tennessee,2002,21,132,16%
Tennessee,2003,23,132,17%
Tennessee,2004,23,132,17%
Tennessee,2005,23,132,17%
Tennessee,2006,23,132,17%
Tennessee,2007,22,132,17%
Tennessee,2008,23,132,17%
Tennessee,2009,24,132,18%
Tennessee,2010,25,132,19%
Tennessee,2011,24,132,18%
Tennessee,2012,24,132,18%
Tennessee,2013,22,132,17%
Tennessee,2014,22,132,17%
Tennessee,2015,23,132,17%
Tennessee,2016,22,132,17%
Tennessee,2017,21,132,16%
Texas,1975,8,181,4%
Texas,1977,11,181,6%
Texas,1979,12,181,7%
Texas,1981,12,181,7%
Texas,1983,13,181,7%
Texas,1984,13,181,7%
Texas,1985,16,181,9%
Texas,1986,16,181,9%
Texas,1987,17,181,9%
Texas,1988,17,181,9%
Texas,1989,19,181,10%
Texas,1990,19,181,10%
Texas,1991,23,181,13%
Texas,1992,23,181,13%
Texas,1993,29,181,16%
Texas,1994,31,181,17%
Texas,1995,33,181,18%
Texas,1996,33,181,18%
Texas,1997,33,181,18%
Texas,1998,33,181,18%
Texas,1999,32,181,18%
Texas,2000,33,181,18%
Texas,2001,34,181,19%
Texas,2002,34,181,19%
Texas,2003,35,181,19%
Texas,2004,35,181,19%
Texas,2005,35,181,19%
Texas,2006,37,181,20%
Texas,2007,35,181,19%
Texas,2008,34,181,19%
Texas,2009,43,181,24%
Texas,2010,43,181,24%
Texas,2011,38,181,21%
Texas,2012,38,181,21%
Texas,2013,38,181,21%
Texas,2014,39,181,22%
Texas,2015,36,181,20%
Texas,2016,36,181,20%
Texas,2017,37,181,20%
Utah,1975,8,104,8%
Utah,1977,6,104,6%
Utah,1979,4,104,4%
Utah,1981,8,104,8%
Utah,1983,9,104,9%
Utah,1984,9,104,9%
Utah,1985,7,104,7%
Utah,1986,7,104,7%
Utah,1987,8,104,8%
Utah,1988,8,104,8%
Utah,1989,12,104,12%
Utah,1990,12,104,12%
Utah,1991,12,104,12%
Utah,1992,12,104,12%
Utah,1993,14,104,13%
Utah,1994,15,104,14%
Utah,1995,15,104,14%
Utah,1996,15,104,14%
Utah,1997,17,104,16%
Utah,1998,17,104,16%
Utah,1999,22,104,21%
Utah,2000,22,104,21%
Utah,2001,23,104,22%
Utah,2002,24,104,23%
Utah,2003,23,104,22%
Utah,2004,22,104,21%
Utah,2005,21,104,20%
Utah,2006,22,104,21%
Utah,2007,18,104,17%
Utah,2008,20,104,19%
Utah,2009,23,104,22%
Utah,2010,23,104,22%
Utah,2011,18,104,17%
Utah,2012,17,104,16%
Utah,2013,17,104,16%
Utah,2014,17,104,16%
Utah,2015,16,104,15%
Utah,2016,16,104,15%
Utah,2017,21,104,20%
Vermont,1975,22,180,12%
Vermont,1977,27,180,15%
Vermont,1979,34,180,19%
Vermont,1981,39,180,22%
Vermont,1983,33,180,18%
Vermont,1984,32,180,18%
Vermont,1985,47,180,26%
Vermont,1986,47,180,26%
Vermont,1987,44,180,24%
Vermont,1988,46,180,26%
Vermont,1989,55,180,31%
Vermont,1990,60,180,33%
Vermont,1991,57,180,32%
Vermont,1992,56,180,31%
Vermont,1993,61,180,34%
Vermont,1994,60,180,33%
Vermont,1995,54,180,30%
Vermont,1996,54,180,30%
Vermont,1997,60,180,33%
Vermont,1998,60,180,33%
Vermont,1999,57,180,32%
Vermont,2000,57,180,32%
Vermont,2001,50,180,28%
Vermont,2002,50,180,28%
Vermont,2003,55,180,31%
Vermont,2004,56,180,31%
Vermont,2005,60,180,33%
Vermont,2006,60,180,33%
Vermont,2007,68,180,38%
Vermont,2008,69,180,38%
Vermont,2009,67,180,37%
Vermont,2010,67,180,37%
Vermont,2011,69,180,38%
Vermont,2012,70,180,39%
Vermont,2013,74,180,41%
Vermont,2014,71,180,39%
Vermont,2015,74,180,41%
Vermont,2016,74,180,41%
Vermont,2017,71,180,39%
Virginia,1975,6,140,4%
Virginia,1977,9,140,6%
Virginia,1979,9,140,6%
Virginia,1981,9,140,6%
Virginia,1983,13,140,9%
Virginia,1984,11,140,8%
Virginia,1985,11,140,8%
Virginia,1986,10,140,7%
Virginia,1987,10,140,7%
Virginia,1988,14,140,10%
Virginia,1989,15,140,11%
Virginia,1990,15,140,11%
Virginia,1991,17,140,12%
Virginia,1992,17,140,12%
Virginia,1993,17,140,12%
Virginia,1994,16,140,11%
Virginia,1995,16,140,11%
Virginia,1996,21,140,15%
Virginia,1997,21,140,15%
Virginia,1998,21,140,15%
Virginia,1999,22,140,16%
Virginia,2000,23,140,16%
Virginia,2001,23,140,16%
Virginia,2002,21,140,15%
Virginia,2003,22,140,16%
Virginia,2004,20,140,14%
Virginia,2005,21,140,15%
Virginia,2006,24,140,17%
Virginia,2007,24,140,17%
Virginia,2008,23,140,16%
Virginia,2009,24,140,17%
Virginia,2010,27,140,19%
Virginia,2011,27,140,19%
Virginia,2012,24,140,17%
Virginia,2013,25,140,18%
Virginia,2014,24,140,17%
Virginia,2015,24,140,17%
Virginia,2016,27,140,19%
Virginia,2017,27,140,19%
Washington,1975,18,147,12%
Washington,1977,23,147,16%
Washington,1979,27,147,18%
Washington,1981,35,147,24%
Washington,1983,28,147,19%
Washington,1984,28,147,19%
Washington,1985,35,147,24%
Washington,1986,35,147,24%
Washington,1987,37,147,25%
Washington,1988,37,147,25%
Washington,1989,42,147,29%
Washington,1990,43,147,29%
Washington,1991,46,147,31%
Washington,1992,48,147,33%
Washington,1993,58,147,39%
Washington,1994,59,147,40%
Washington,1995,58,147,39%
Washington,1996,58,147,39%
Washington,1997,58,147,39%
Washington,1998,58,147,39%
Washington,1999,60,147,41%
Washington,2000,60,147,41%
Washington,2001,57,147,39%
Washington,2002,57,147,39%
Washington,2003,54,147,37%
Washington,2004,52,147,35%
Washington,2005,49,147,33%
Washington,2006,49,147,33%
Washington,2007,50,147,34%
Washington,2008,52,147,35%
Washington,2009,48,147,33%
Washington,2010,48,147,33%
Washington,2011,47,147,32%
Washington,2012,47,147,32%
Washington,2013,47,147,32%
Washington,2014,48,147,33%
Washington,2015,50,147,34%
Washington,2016,50,147,34%
Washington,2017,54,147,37%
West Virginia,1975,9,134,7%
West Virginia,1977,12,134,9%
West Virginia,1979,9,134,7%
West Virginia,1981,16,134,12%
West Virginia,1983,17,134,13%
West Virginia,1984,18,134,13%
West Virginia,1985,23,134,17%
West Virginia,1986,23,134,17%
West Virginia,1987,21,134,16%
West Virginia,1988,21,134,16%
West Virginia,1989,24,134,18%
West Virginia,1990,26,134,19%
West Virginia,1991,28,134,21%
West Virginia,1992,28,134,21%
West Virginia,1993,22,134,16%
West Virginia,1994,23,134,17%
West Virginia,1995,20,134,15%
West Virginia,1996,20,134,15%
West Virginia,1997,20,134,15%
West Virginia,1998,20,134,15%
West Virginia,1999,24,134,18%
West Virginia,2000,24,134,18%
West Virginia,2001,25,134,19%
West Virginia,2002,25,134,19%
West Virginia,2003,25,134,19%
West Virginia,2004,25,134,19%
West Virginia,2005,21,134,16%
West Virginia,2006,21,134,16%
West Virginia,2007,19,134,14%
West Virginia,2008,19,134,14%
West Virginia,2009,22,134,16%
West Virginia,2010,22,134,16%
West Virginia,2011,24,134,18%
West Virginia,2012,24,134,18%
West Virginia,2013,22,134,16%
West Virginia,2014,22,134,16%
West Virginia,2015,20,134,15%
West Virginia,2016,20,134,15%
West Virginia,2017,18,134,13%
Wisconsin,1975,10,132,8%
Wisconsin,1977,12,132,9%
Wisconsin,1979,13,132,10%
Wisconsin,1981,20,132,15%
Wisconsin,1983,26,132,20%
Wisconsin,1984,26,132,20%
Wisconsin,1985,25,132,19%
Wisconsin,1986,25,132,19%
Wisconsin,1987,28,132,21%
Wisconsin,1988,28,132,21%
Wisconsin,1989,34,132,26%
Wisconsin,1990,34,132,26%
Wisconsin,1991,31,132,23%
Wisconsin,1992,32,132,24%
Wisconsin,1993,36,132,27%
Wisconsin,1994,36,132,27%
Wisconsin,1995,32,132,24%
Wisconsin,1996,32,132,24%
Wisconsin,1997,31,132,23%
Wisconsin,1998,31,132,23%
Wisconsin,1999,31,132,23%
Wisconsin,2000,31,132,23%
Wisconsin,2001,32,132,24%
Wisconsin,2002,31,132,23%
Wisconsin,2003,36,132,27%
Wisconsin,2004,37,132,28%
Wisconsin,2005,34,132,26%
Wisconsin,2006,34,132,26%
Wisconsin,2007,30,132,23%
Wisconsin,2008,29,132,22%
Wisconsin,2009,29,132,22%
Wisconsin,2010,29,132,22%
Wisconsin,2011,34,132,26%
Wisconsin,2012,32,132,24%
Wisconsin,2013,34,132,26%
Wisconsin,2014,34,132,26%
Wisconsin,2015,34,132,26%
Wisconsin,2016,34,132,26%
Wisconsin,2017,30,132,23%
Wyoming,1975,7,92,8%
Wyoming,1977,7,92,8%
Wyoming,1979,16,92,17%
Wyoming,1981,17,92,18%
Wyoming,1983,22,94,23%
Wyoming,1984,22,94,23%
Wyoming,1985,24,94,26%
Wyoming,1986,24,94,26%
Wyoming,1987,21,94,22%
Wyoming,1988,21,94,22%
Wyoming,1989,22,94,23%
Wyoming,1990,22,94,23%
Wyoming,1991,23,94,24%
Wyoming,1992,23,94,24%
Wyoming,1993,22,90,24%
Wyoming,1994,22,90,24%
Wyoming,1995,19,90,21%
Wyoming,1996,19,90,21%
Wyoming,1997,16,90,18%
Wyoming,1998,16,90,18%
Wyoming,1999,18,90,20%
Wyoming,2000,17,90,19%
Wyoming,2001,14,90,16%
Wyoming,2002,14,90,16%
Wyoming,2003,16,90,18%
Wyoming,2004,16,90,18%
Wyoming,2005,13,90,14%
Wyoming,2006,14,90,16%
Wyoming,2007,21,90,23%
Wyoming,2008,21,90,23%
Wyoming,2009,15,90,17%
Wyoming,2010,15,90,17%
Wyoming,2011,13,90,14%
Wyoming,2012,14,90,16%
Wyoming,2013,15,90,17%
Wyoming,2014,14,90,16%
Wyoming,2015,12,90,13%
Wyoming,2016,12,90,13%
Wyoming,2017,10,90,11%